{
  "urls": {
    "program_courses": {
      "Python": [
        "https://www.youtube.com/channel/UCMMitT9SCbWlEcEkemnsxQg/playlists",
        "https://www.youtube.com/playlist?list=PLHIfW1KZRIfnM9y0sQRwjVz2-IwvnEJep",
        "https://www.youtube.com/watch?v=_uQrJ0TkZlc&t=1s",
        "https://www.youtube.com/watch?v=rfscVS0vtbw&t=8399s"
      ],
      "Java": [
        "https://www.youtube.com/playlist?list=PLHIfW1KZRIflkywYEIfRvAU9BaW0rpjy-",
        "https://www.youtube.com/watch?v=eIrMbAQSU34",
        "https://www.youtube.com/playlist?list=PL1DUmTEdeA6K7rdxKiWJq6JIxTvHalY8f",
        "https://www.youtube.com/watch?v=grEKMHGYyns"
      ],
      "C#": [
        "https://www.youtube.com/playlist?list=PLHIfW1KZRIfkDF2xTIB5kX8gdthmLTufx"
      ],
      "Html": [
        "https://youtu.be/c9559JVpFV4",
        "https://www.youtube.com/playlist?list=PLT56sSeAKiIvULoKwhMIvizK8XG3PlCjl",
        "https://youtu.be/WKmT2vFaKXk"
      ],
      "CSS": [
        "https://www.youtube.com/playlist?list=PLHIfW1KZRIflO6xnz4jpmzzSuo5B63aJf"
      ],
      "JavaScript": [
        "https://www.youtube.com/playlist?list=PLHIfW1KZRIfmiYYwt29BG7N9zzsd-jLRQ"
      ],
      "Sql": [
        "https://www.youtube.com/playlist?list=PLHIfW1KZRIfmOaBgzzsY256u9-_8_g39e"
      ],
      "php": [
        "https://www.youtube.com/playlist?list=PLHIfW1KZRIfmPDQahhTDdd1DJ4PwQl3pC",
        "https://www.youtube.com/playlist?list=PLHIfW1KZRIflYXyXHNiG-hyyVaz7-9ujn"
      ],
      "C": [
        "https://www.youtube.com/playlist?list=PLdxj0yX1mI2Jrmw0IbB8xiw4lGmMAGNW",
        "https://www.youtube.com/playlist?list=PL8_52hiiTDN623BNz4Ysg4r1g8UGNoU-p",
        "https://www.youtube.com/playlist?list=PLUC-ItjDJlmMxme5ufsRI5pZcPPKmeBgJ"
      ],
      "Kotlin": [
        "https://www.youtube.com/playlist?list=PLHIfW1KZRIfmbpu6cVCxo98u_Yk0Hfxah",
        "https://www.youtube.com/playlist?list=PLHIfW1KZRIfl5UHtM6DRFAVn3PBuJ7NGD"
      ],
      "C++": [
        "https://www.youtube.com/playlist?list=PLHIfW1KZRIflPoGDzHxFW5sDadboQ08Vd"
      ],
      "Ruby": [
        "https://www.youtube.com/playlist?list=PLF8OvnCBlEY0GJVVe1YquY64Ag7NBbPZq",
        "https://www.youtube.com/playlist?list=PLF8OvnCBlEY0jMKwRR90G3U3uuXWlAlh",
        "https://www.youtube.com/playlist?list=PLEOFNTP51GtfVzKwthCcqx0_Tgp1TEtc_"
      ],
      "Bash": [
        "https://www.youtube.com/playlist?list=PLhz-PUTwNBovCmClrL_hucO31WCTWxg_k",
        "https://www.youtube.com/playlist?list=PLzKkkqNKab8IbpYqifsCyUX6vui-JpNuE",
        "https://www.youtube.com/playlist?list=PLqi7yZF-SFcYzox4VgUSkaksGAAIhya7B"
      ],
      "Swift": [
        "https://www.youtube.com/playlist?list=PLMX-l0-vS8H3eiBcTgTeNjf-FT_ql-w4S",
        "https://www.youtube.com/playlist?list=PLL3w5r3iZsqogvQgxRT94Uga0r261-qOG",
        "https://www.youtube.com/playlist?list=PLs97GbUOC82keJxjnslVG-_9A_-EAbyy_",
        "https://www.youtube.com/playlist?list=PLF8OvnCBlEY1BC20Bl73DuyW3LE5sGCUH"
      ],
      "Visual": [
        "https://www.youtube.com/playlist?list=PLHIfW1KZRIfmLGhFsQ1G5cPv1xokzBsbT"
      ]
    }
  },
  "all_port": [
    1,
    7,
    9,
    11,
    13,
    15,
    17,
    18,
    19,
    20,
    21,
    22,
    23,
    37,
    39,
    42,
    43,
    49,
    50,
    53,
    57,
    65,
    67,
    68,
    69,
    70,
    77,
    79,
    80,
    87,
    88,
    95,
    98,
    101,
    102,
    104,
    105,
    106,
    107,
    109,
    111,
    113,
    115,
    117,
    123,
    129,
    135,
    137,
    138,
    139,
    161,
    162,
    163,
    164,
    174,
    177,
    178,
    179,
    191,
    194,
    199,
    201,
    202,
    204,
    206,
    209,
    210,
    213,
    220,
    345,
    346,
    347,
    369,
    370,
    371,
    372,
    389,
    406,
    427,
    443,
    444,
    445,
    464,
    487,
    500,
    512,
    513,
    514,
    515,
    517,
    518,
    520,
    525,
    526,
    530,
    531,
    532,
    533,
    538,
    540,
    543,
    544,
    546,
    547,
    548,
    549,
    554,
    556,
    607,
    610,
    611,
    612,
    628,
    631,
    636,
    655,
    706,
    749,
    750,
    751,
    752,
    754,
    760,
    765,
    775,
    777,
    779,
    783,
    808,
    871,
    873,
    901,
    989,
    990,
    992,
    994,
    1001,
    1080,
    1093,
    1094,
    1099,
    1109,
    1127,
    1178,
    1194,
    1210,
    1214,
    1236,
    1241,
    1300,
    1313,
    1314,
    1352,
    1433,
    1434,
    1524,
    1525,
    1529,
    1645,
    1646,
    1649,
    1677,
    1701,
    1812,
    1813,
    1863,
    1957,
    1958,
    1959,
    2000,
    2003,
    2010,
    2049,
    2053,
    2086,
    2101,
    2102,
    2103,
    2104,
    2105,
    2111,
    2119,
    2121,
    2135,
    2150,
    2401,
    2430,
    2431,
    2432,
    2433,
    2583,
    2600,
    2601,
    2602,
    2603,
    2604,
    2605,
    2606,
    2607,
    2608,
    2628,
    2792,
    2811,
    2947,
    2988,
    2989,
    3050,
    3130,
    3306,
    3493,
    3632,
    3689,
    3690,
    4031,
    4094,
    4190,
    4224,
    4353,
    4369,
    4373,
    4557,
    4559,
    4569,
    4600,
    4691,
    4899,
    4949,
    5002,
    5050,
    5051,
    5052,
    5060,
    5061,
    5151,
    5190,
    5222,
    5269,
    5308,
    5353,
    5354,
    5355,
    5432,
    5555,
    5556,
    5666,
    5667,
    5672,
    5674,
    5675,
    5680,
    5688,
    6000,
    6001,
    6002,
    6003,
    6004,
    6005,
    6006,
    6007,
    6346,
    6347,
    6444,
    6445,
    6446,
    6566,
    6667,
    7000,
    7001,
    7002,
    7003,
    7004,
    7005,
    7006,
    7007,
    7008,
    7009,
    7100,
    8021,
    8080,
    8081,
    8088,
    8990,
    9098,
    9101,
    9102,
    9103,
    9359,
    9418,
    9667,
    9673,
    10000,
    10050,
    10051,
    10080,
    10081,
    10082,
    10083,
    10809,
    11201,
    11371,
    13720,
    13721,
    13722,
    13724,
    13782,
    13783,
    15345,
    17001,
    17002,
    17003,
    17004,
    20011,
    20012,
    22125,
    22128,
    22273,
    24554,
    27374,
    30865,
    57000,
    60177,
    60179
  ]
}
